acct_ccy,acct_id,ctpty_ctry,ctpty_nm,rmt_inf_ustrd1,year_month,bal_aftr,occupation,age
EUR,NL05YEPP3617444624,NL,Ford Motor,Auto repair bill,2024-06-01,3867.34,Retired,65
EUR,NL05YEPP3617444624,NL,Alibaba,E-commerce order,2024-06-01,3982.25,Retired,65
EUR,NL05YEPP3617444624,NL,Geldmaat ATM,Geldmaat: 65c28702-6380-4cac-bd9b-2dacd8e0ade0,2024-06-01,7121.25,Retired,65
EUR,NL05YEPP3617444624,NL,Renault,Car purchase,2024-06-01,7161.69,Retired,65
EUR,NL05YEPP3617444624,NL,Geldmaat ATM,Geldmaat: 759fd54d-b248-4d52-8ff7-b13938ca2709,2024-06-01,10300.69,Retired,65
EUR,NL05YEPP3617444624,Italy,Dell Technologies,Web hosting fee,2024-06-01,10304.33,Retired,65
EUR,NL05YEPP3617444624,Japan,Jennifer Mulder-Steenbakkers,Split vacation cost,2024-06-01,10339.11,Retired,65
EUR,NL05YEPP3617444624,NL,Geldmaat ATM,Geldmaat: adfb73a2-19ce-4695-9315-0d8f48edd93f,2024-06-01,13478.11,Retired,65
EUR,NL05YEPP3617444624,NL,Pfizer,Pharmacy bill,2024-06-01,13578.79,Retired,65
EUR,NL05YEPP3617444624,NL,Maryam van Wallaert-Heymans,Reimbursement for bills,2024-06-01,13651.41,Retired,65
EUR,NL05YEPP3617444624,NL,Geldmaat ATM,Geldmaat: bccb7cb6-33b3-4bd7-8487-4eeccec35f4b,2024-06-01,16790.41,Retired,65
EUR,NL05YEPP3617444624,Canada,Huawei,Web hosting fee,2024-06-01,16825.77,Retired,65
EUR,NL05YEPP3617444624,NL,Geldmaat ATM,Geldmaat: ac1df9ac-bf39-4e15-9312-25e721f3f2b7,2024-06-01,19964.77,Retired,65
EUR,NL05YEPP3617444624,Great Britain,Lize van Enschot,Reimbursement for dinner,2024-06-01,19972.56,Retired,65
EUR,NL05YEPP3617444624,United States,Giovanni Cornelissen,Support for a family member,2024-06-01,20006.42,Retired,65
EUR,NL05YEPP3617444624,NL,Geldmaat ATM,Geldmaat: d46c09dd-c380-42b6-88ab-6a7e7f19e948,2024-06-01,23145.42,Retired,65
EUR,NL05YEPP3617444624,NL,Daimler,Car purchase,2024-06-01,23164.45,Retired,65
EUR,NL05YEPP3617444624,NL,Meta Platforms,Technology services invoice payment,2024-06-01,23203.2,Retired,65
EUR,NL05YEPP3617444624,NL,Geldmaat ATM,Geldmaat: 2ec29945-ceb5-4a9f-893d-bc0046acd648,2024-06-01,26342.2,Retired,65
EUR,NL05YEPP3617444624,France,SoftBank,Business unit invoice,2024-06-01,26438.83,Retired,65
EUR,NL05YEPP3617444624,NL,Geldmaat ATM,Geldmaat: 49a04e96-7ecc-4a23-accc-70fbdfb099a6,2024-06-01,29577.83,Retired,65
EUR,NL05YEPP3617444624,Great Britain,Bayer,Drug order payment,2024-06-01,29621.98,Retired,65
EUR,NL05YEPP3617444624,NL,Geldmaat ATM,Geldmaat: 5b149c05-aa44-4829-958a-ddc79793b134,2024-06-01,32760.98,Retired,65
EUR,NL05YEPP3617444624,NL,Dell Technologies,Technology services invoice payment,2024-06-01,32762.61,Retired,65
EUR,NL05YEPP3617444624,Germany,Oracle,Software license fee payment,2024-06-01,32867.72,Retired,65
EUR,NL05YEPP3617444624,NL,Eline Pasman,Emergency funds,2024-06-01,32963.76,Retired,65
EUR,NL05YEPP3617444624,NL,Geldmaat ATM,Geldmaat: 3ef133dd-734e-4c20-a6eb-0245cbef9611,2024-06-01,36102.76,Retired,65
EUR,NL05YEPP3617444624,NL,BMW,Auto repair bill,2024-06-01,36115.04,Retired,65
EUR,NL05YEPP3617444624,NL,SoftBank,Business unit invoice,2024-06-01,36136.71,Retired,65
EUR,NL05YEPP3617444624,NL,Geldmaat ATM,Geldmaat: 555643fa-4659-4856-b955-28b7f64777d5,2024-06-01,39275.71,Retired,65
EUR,NL05YEPP3617444624,Italy,Bristol-Myers Squibb,Healthcare prescription,2024-06-01,39278.81,Retired,65
EUR,NL05YEPP3617444624,NL,Morgan Stanley,Stock purchase,2024-06-01,39299.75,Retired,65
EUR,NL05YEPP3617444624,Great Britain,Berkshire Hathaway,Corporate services payment,2024-06-01,39306.49,Retired,65
EUR,NL05YEPP3617444624,NL,Geldmaat ATM,Geldmaat: 9f6ab278-9a89-45ec-9d05-8b2de21ebfe5,2024-06-01,42445.49,Retired,65
EUR,NL05YEPP3617444624,NL,AT&T,Data plan payment,2024-06-01,42497.09,Retired,65
EUR,NL05YEPP3617444624,NL,Geldmaat ATM,Geldmaat: 29e8e8b0-d60b-4be5-aee4-2d2d81be24ba,2024-06-01,45636.09,Retired,65
EUR,NL05YEPP3617444624,NL,Meta Platforms,Cloud storage subscription,2024-06-01,45747.65,Retired,65
EUR,NL05YEPP3617444624,NL,Geldmaat ATM,Geldmaat: a963ef3e-6f51-4657-9b29-8f34f9bd4f38,2024-06-01,48886.65,Retired,65
EUR,NL05YEPP3617444624,NL,Jolijn Hofman,Reimbursement for travel,2024-06-01,48921.54,Retired,65
EUR,NL05YEPP3617444624,Great Britain,Honeywell,Corporate services payment,2024-06-01,48933.69,Retired,65
EUR,NL05YEPP3617444624,NL,Sophie van Bunschoten,Vacation expenses,2024-06-01,48935.88,Retired,65
EUR,NL05YEPP3617444624,NL,Geldmaat ATM,Geldmaat: 436875cd-9bc8-49e5-8a33-5f6b5a41b5da,2024-06-01,52074.88,Retired,65
EUR,NL05YEPP3617444624,NL,Pfizer,Healthcare prescription,2024-06-01,52133.94,Retired,65
EUR,NL05YEPP3617444624,France,Nike,Clothing purchase,2024-06-01,52178.38,Retired,65
EUR,NL05YEPP3617444624,NL,Geldmaat ATM,Geldmaat: d91e20a3-2ff5-48b0-94b3-90c0e1a7e183,2024-06-01,55317.38,Retired,65
EUR,NL05YEPP3617444624,NL,Geldmaat ATM,Geldmaat: 0fb467f0-19da-44a9-a631-24f4e6d34063,2024-06-01,58456.38,Retired,65
EUR,NL05YEPP3617444624,NL,Tata Consultancy Services,Software development bill,2024-06-01,58480.35,Retired,65
EUR,NL05YEPP3617444624,NL,ByteDance,Technology services invoice payment,2024-06-01,58547.17,Retired,65
EUR,NL05YEPP3617444624,Japan,Stef van den Pol,Child support,2024-06-01,58549.58,Retired,65
EUR,NL05YEPP3617444624,NL,Tata Consultancy Services,Technical service charge,2024-06-01,58556.85,Retired,65
EUR,NL05YEPP3617444624,NL,Geldmaat ATM,Geldmaat: 1d626a26-3a2b-465f-b24c-77d4375a3971,2024-06-01,61695.85,Retired,65
EUR,NL05YEPP3617444624,NL,Ford Motor,Car parts order,2024-06-01,61740.49,Retired,65
EUR,NL05YEPP3617444624,NL,AT&T,Telecom invoice,2024-06-01,61846.15,Retired,65
EUR,NL05YEPP3617444624,NL,Geldmaat ATM,Geldmaat: 4917a240-d3f6-4f82-b11b-19b41183cdc0,2024-06-01,64985.15,Retired,65
EUR,NL05YEPP3617444624,NL,Renault,Auto repair bill,2024-06-01,65014.68,Retired,65
EUR,NL05YEPP3617444624,Denmark,Lizzy de Vrome,Vacation expenses,2024-06-01,65019.55,Retired,65
EUR,NL05YEPP3617444624,United States,Cisco Systems,Web hosting fee,2024-06-01,65038.31,Retired,65
EUR,NL05YEPP3617444624,NL,Geldmaat ATM,Geldmaat: 9f001696-0e55-48ad-a747-93d70e972149,2024-06-01,68177.31,Retired,65
EUR,NL05YEPP3617444624,United States,Bayer,Pharmacy bill,2024-06-01,68180.83,Retired,65
EUR,NL05YEPP3617444624,Denmark,Ford Motor,Auto repair bill,2024-06-01,68192.9,Retired,65
EUR,NL05YEPP3617444624,NL,David van den Eijssel,Housewarming gift,2024-06-01,68204.55,Retired,65
EUR,NL05YEPP3617444624,NL,Allianz,Coverage update charge,2024-06-01,68237.95,Retired,65
EUR,NL05YEPP3617444624,NL,Geldmaat ATM,Geldmaat: ede8aee2-9fb1-400b-8724-41ac9ca8407e,2024-06-01,71376.95,Retired,65
EUR,NL05YEPP3617444624,Denmark,Pfizer,Pharmacy bill,2024-06-01,71378.79,Retired,65
EUR,NL05YEPP3617444624,NL,Ford Motor,Car parts order,2024-06-01,71384.91,Retired,65
EUR,NL05YEPP3617444624,NL,3M,Conglomerate product order,2024-06-01,71417.73,Retired,65
EUR,NL05YEPP3617444624,United States,Boeing,Aviation technology fee,2024-06-01,71434.81,Retired,65
EUR,NL05YEPP3617444624,NL,Geldmaat ATM,Geldmaat: 52e274e7-35cc-4359-a89d-14ac44b6e787,2024-06-01,74573.81,Retired,65
EUR,NL05YEPP3617444624,Japan,PepsiCo,Beverage order,2024-06-01,74624.85,Retired,65
EUR,NL05YEPP3617444624,NL,Geldmaat ATM,Geldmaat: 71d363b7-7cef-46b0-8c47-0a1975a3fc2d,2024-06-01,77763.85,Retired,65
EUR,NL05YEPP3617444624,NL,Geldmaat ATM,Geldmaat: 89a22bcc-a1d4-4a6d-acb6-60e8326853f0,2024-06-01,80902.85,Retired,65
EUR,NL05YEPP3617444624,Belgium,Pippa Mahieu,Support for a family member,2024-06-01,80940.48,Retired,65
EUR,NL05YEPP3617444624,Canada,Huawei,Technology services invoice payment,2024-06-01,80946.57,Retired,65
EUR,NL05YEPP3617444624,NL,Esmée van den Oever,Funeral expenses,2024-06-01,80961.59,Retired,65
EUR,NL05YEPP3617444624,NL,Geldmaat ATM,Geldmaat: 42df0794-c631-4bae-ad2a-9b6aa5f75da2,2024-06-01,84100.59,Retired,65
EUR,NL05YEPP3617444624,Canada,Novartis,Medication purchase,2024-06-01,84159.16,Retired,65
EUR,NL05YEPP3617444624,NL,Ford Motor,Auto repair bill,2024-06-01,84165.61,Retired,65
EUR,NL05YEPP3617444624,United States,Alibaba,Subscription service,2024-06-01,84231.09,Retired,65
EUR,NL05YEPP3617444624,NL,Renault,Vehicle service charge,2024-06-01,84256.23,Retired,65
EUR,NL05YEPP3617444624,NL,Geldmaat ATM,Geldmaat: 0f63e1c3-cde3-4c2e-ad0a-31b330bf4e50,2024-06-01,87395.23,Retired,65
EUR,NL05YEPP3617444624,NL,Geldmaat ATM,Geldmaat: e57d061c-5c80-4ed0-9f8f-bd80c31375b6,2024-06-01,90534.23,Retired,65
EUR,NL05YEPP3617444624,NL,AT&T,Phone bill,2024-06-01,90595.23,Retired,65
EUR,NL05YEPP3617444624,NL,Pfizer,Pharmacy bill,2024-06-01,90612.81,Retired,65
EUR,NL05YEPP3617444624,NL,Geldmaat ATM,Geldmaat: 2976fa6f-e867-4397-bb4d-b7a4a8b73241,2024-06-01,93751.81,Retired,65
EUR,NL05YEPP3617444624,NL,Geldmaat ATM,Geldmaat: 498ba833-2b50-479b-8e9a-b9aecb9be499,2024-06-01,93777.03,Retired,65
EUR,NL05YEPP3617444624,NL,Geldmaat ATM,Geldmaat: 23bcad7f-895c-4875-9e3f-304df35d041c,2024-06-01,96916.03,Retired,65
EUR,NL05YEPP3617444624,Canada,Toyota,Vehicle service charge,2024-06-01,96972.08,Retired,65
EUR,NL05YEPP3617444624,Belgium,Tata Consultancy Services,System upgrade fee,2024-06-01,96981.21,Retired,65
EUR,NL05YEPP3617444624,NL,Unilever,Subscription box service,2024-06-01,96996.86,Retired,65
EUR,NL05YEPP3617444624,NL,BMW,Car purchase,2024-06-01,97003.87,Retired,65
EUR,NL05YEPP3617444624,NL,Geldmaat ATM,Geldmaat: c306b102-455c-46a3-899f-497304d50480,2024-06-01,100142.87,Retired,65
EUR,NL05YEPP3617444624,NL,Toyota,Car parts order,2024-06-01,100164.05,Retired,65
EUR,NL05YEPP3617444624,NL,Ford Motor,Vehicle service charge,2024-06-01,100228.88,Retired,65
EUR,NL05YEPP3617444624,Italy,Giovanni Perrono,Shared utilities,2024-07-01,100343.36,Retired,65
EUR,NL05YEPP3617444624,NL,Geldmaat ATM,Geldmaat: 16d4f3e7-57a0-49c2-bf38-ca82feef0551,2024-07-01,103482.36,Retired,65
EUR,NL05YEPP3617444624,NL,Geldmaat ATM,Geldmaat: e928168c-28f0-421a-982f-d4c52843c3ff,2024-07-01,106621.36,Retired,65
EUR,NL05YEPP3617444624,NL,Johnson & Johnson,Medication purchase,2024-07-01,106680.52,Retired,65
EUR,NL05YEPP3617444624,NL,Allianz,Claim settlement,2024-07-01,106716.81,Retired,65
EUR,NL05YEPP3617444624,NL,Daniel de Koning,Reimbursement for dinner,2024-07-01,106721.92,Retired,65
EUR,NL05YEPP3617444624,NL,Geldmaat ATM,Geldmaat: 4154a054-9064-438d-b537-13d963aaf2d1,2024-07-01,109860.92,Retired,65
EUR,NL05YEPP3617444624,NL,Goldman Sachs,Brokerage fee,2024-07-01,109867.76,Retired,65
EUR,NL05YEPP3617444624,Hungary,Geldmaat ATM,Geldmaat: 91ead8e1-6a96-43f0-a04b-8374b772bdb6,2024-07-01,109981.41,Retired,65
EUR,NL05YEPP3617444624,NL,Geldmaat ATM,Geldmaat: 7bd301de-c37d-4eae-ba19-4457d463d754,2024-07-01,113120.41,Retired,65
EUR,NL05YEPP3617444624,NL,Geldmaat ATM,Geldmaat: 2e35a870-e309-49e6-88cc-951cab1e60f1,2024-07-01,116259.41,Retired,65
EUR,NL05YEPP3617444624,Belgium,Elizabeth Wolfswinkel-Saxo,Split vacation cost,2024-07-01,117601.67,Retired,65
EUR,NL05YEPP3617444624,Belgium,Geldmaat ATM,Geldmaat: 9e6bbb27-cde5-4d05-b1e9-92d6b56b007f,2024-07-01,117838.64,Retired,65
EUR,NL05YEPP3617444624,NL,Geldmaat ATM,Geldmaat: 68b1364f-e591-4e47-98bd-47cc09a21705,2024-07-01,120977.64,Retired,65
EUR,NL05YEPP3617444624,NL,Geldmaat ATM,Geldmaat: 0a2690c1-c02b-49d8-a7ee-853d8853aa03,2024-07-01,124116.64,Retired,65
EUR,NL05YEPP3617444624,NL,Airbus,Aircraft maintenance,2024-07-01,124150.91,Retired,65
EUR,NL05YEPP3617444624,NL,Toyota,Car purchase,2024-07-01,124156.14,Retired,65
EUR,NL05YEPP3617444624,NL,Daimler,Auto repair bill,2024-07-01,124246.26,Retired,65
EUR,NL05YEPP3617444624,NL,Dylan die Bont,Split restaurant bill,2024-07-01,124345.3,Retired,65
EUR,NL05YEPP3617444624,NL,Morgan Stanley,Brokerage fee,2024-07-01,124377.53,Retired,65
EUR,NL05YEPP3617444624,NL,Geldmaat ATM,Geldmaat: 8ccfbb9c-284d-47fe-824d-7bb343b23351,2024-07-01,127516.53,Retired,65
EUR,NL05YEPP3617444624,NL,Geldmaat ATM,Geldmaat: 14cb37c3-685c-426d-9eb6-7369fe6f2ec4,2024-07-01,130655.53,Retired,65
EUR,NL05YEPP3617444624,NL,Amazon,E-commerce order,2024-07-01,130674.87,Retired,65
EUR,NL05YEPP3617444624,France,Honeywell,Business unit invoice,2024-07-01,130727.0,Retired,65
EUR,NL05YEPP3617444624,United States,Duke Energy,Energy supply charge,2024-07-01,130781.17,Retired,65
EUR,NL05YEPP3617444624,NL,Geldmaat ATM,Geldmaat: 4fe9b9ef-91f0-48ba-ace8-07ab6d70ba00,2024-07-01,133920.17,Retired,65
EUR,NL05YEPP3617444624,NL,Tijs Driessen,Reimbursement for bills,2024-07-01,133967.53,Retired,65
EUR,NL05YEPP3617444624,NL,Geldmaat ATM,Geldmaat: 21bb7222-f58a-44da-b5d4-7c5553906e4a,2024-07-01,137106.53,Retired,65
EUR,NL05YEPP3617444624,NL,Geldmaat ATM,Geldmaat: f579cad6-30d4-4859-be35-34ee10f08ded,2024-07-01,140245.53,Retired,65
EUR,NL05YEPP3617444624,Great Britain,Daimler,Vehicle service charge,2024-07-01,140626.04,Retired,65
EUR,NL05YEPP3617444624,NL,Geldmaat ATM,Geldmaat: 1b4854f1-141c-46d3-9945-3134aba500dc,2024-07-01,143765.04,Retired,65
EUR,NL05YEPP3617444624,NL,DuPont,Diversified company fee,2024-07-01,143878.18,Retired,65
EUR,NL05YEPP3617444624,NL,Geldmaat ATM,Geldmaat: d98fdca7-2008-4a5d-8722-73caca4c96c5,2024-07-01,147017.18,Retired,65
EUR,NL05YEPP3617444624,NL,Ford Motor,Car purchase,2024-07-01,147078.92,Retired,65
EUR,NL05YEPP3617444624,NL,Geldmaat ATM,Geldmaat: 064c31bd-7a65-44c0-bf4b-c7e2f61d512f,2024-07-01,150217.92,Retired,65
EUR,NL05YEPP3617444624,NL,Cisco Systems,Software license fee payment,2024-07-01,150314.7,Retired,65
EUR,NL05YEPP3617444624,NL,Geldmaat ATM,Geldmaat: 25c85944-25e5-4269-ba27-d27f72be8a0a,2024-07-01,153453.7,Retired,65
EUR,NL05YEPP3617444624,NL,Allianz,Claim settlement,2024-07-01,153462.12,Retired,65
EUR,NL05YEPP3617444624,Canada,Jenna Briere,Split restaurant bill,2024-07-01,153499.03,Retired,65
EUR,NL05YEPP3617444624,Germany,Berkshire Hathaway,Diversified company fee,2024-07-01,153543.37,Retired,65
EUR,NL05YEPP3617444624,NL,Geldmaat ATM,Geldmaat: 484a2455-d631-47ce-91ff-727373c10441,2024-07-01,156682.37,Retired,65
EUR,NL05YEPP3617444624,NL,GlaxoSmithKline,Pharmacy bill,2024-07-01,156688.88,Retired,65
EUR,NL05YEPP3617444624,NL,Boris Groenendaal,Gas money,2024-07-01,156745.64,Retired,65
EUR,NL05YEPP3617444624,NL,Cato de Jode Vastraedsd,Reimbursement for bills,2024-07-01,156754.16,Retired,65
EUR,NL05YEPP3617444624,Germany,Bayer,Drug order payment,2024-07-01,156760.04,Retired,65
EUR,NL05YEPP3617444624,NL,Geldmaat ATM,Geldmaat: fb4d70cf-ea99-44e0-b5fb-d37454969848,2024-07-01,159899.04,Retired,65
EUR,NL05YEPP3617444624,Canada,Berkshire Hathaway,Corporate services payment,2024-07-01,159915.42,Retired,65
EUR,NL05YEPP3617444624,Hungary,Geldmaat ATM,Geldmaat: cfb59efa-50dd-49f2-a48c-4dbde1477a69,2024-07-01,159984.24,Retired,65
EUR,NL05YEPP3617444624,NL,Geldmaat ATM,Geldmaat: d0ea0267-33bd-4144-9ab6-e59da0993377,2024-07-01,163123.24,Retired,65
EUR,NL05YEPP3617444624,NL,Pfizer,Healthcare prescription,2024-07-01,163134.43,Retired,65
EUR,NL05YEPP3617444624,United States,Sam Stook-van Daal,Personal loan,2024-07-01,163168.41,Retired,65
EUR,NL05YEPP3617444624,NL,Cornelia Tamsma,Loan repayment,2024-07-01,163179.72,Retired,65
EUR,NL05YEPP3617444624,NL,Geldmaat ATM,Geldmaat: 40f71d6c-8bec-4149-95e4-6851963acc51,2024-07-01,166318.72,Retired,65
EUR,NL05YEPP3617444624,NL,Volkswagen,Vehicle service charge,2024-07-01,166373.84,Retired,65
EUR,NL05YEPP3617444624,NL,Geldmaat ATM,Geldmaat: c11bced5-be43-450e-894f-f9276e57139d,2024-07-01,169512.84,Retired,65
EUR,NL05YEPP3617444624,Great Britain,Microsoft,Cloud storage subscription,2024-07-01,169539.1,Retired,65
EUR,NL05YEPP3617444624,France,Boeing,Space exploration fee,2024-07-01,169556.75,Retired,65
EUR,NL05YEPP3617444624,NL,Geldmaat ATM,Geldmaat: e12fa4ba-fe3a-454c-bb27-0d1a71fdcf13,2024-07-01,172695.75,Retired,65
EUR,NL05YEPP3617444624,Great Britain,Sanofi,Pharmacy bill,2024-07-01,172784.48,Retired,65
EUR,NL05YEPP3617444624,Belgium,Daniel Jacobs,Debt settlement,2024-07-01,172862.72,Retired,65
EUR,NL05YEPP3617444624,NL,Geldmaat ATM,Geldmaat: 3fdabdde-c6b4-4a9a-8b60-24d47f659d88,2024-07-01,176001.72,Retired,65
EUR,NL05YEPP3617444624,NL,Geldmaat ATM,Geldmaat: 574f1afb-f9f9-4e8f-92fb-b38e4147ee6f,2024-07-01,179140.72,Retired,65
EUR,NL05YEPP3617444624,NL,LVMH,Designer goods order,2024-07-01,179243.01,Retired,65
EUR,NL05YEPP3617444624,Great Britain,Geldmaat ATM,Geldmaat: 5077eb59-3e2f-44ef-90ae-2bd8d5c1f395,2024-07-01,179367.19,Retired,65
EUR,NL05YEPP3617444624,NL,Geldmaat ATM,Geldmaat: 2cf3c623-438f-440a-aedb-3547d13bf3cc,2024-07-01,182506.19,Retired,65
EUR,NL05YEPP3617444624,NL,PepsiCo,Catering service fee,2024-07-01,182534.04,Retired,65
EUR,NL05YEPP3617444624,Italy,Hannah Elsemulder,Mortgage help,2024-07-01,182555.81,Retired,65
EUR,NL05YEPP3617444624,NL,Geldmaat ATM,Geldmaat: 0b426ca4-ae32-42f8-99d7-bddc9dd8fd03,2024-07-01,185694.81,Retired,65
EUR,NL05YEPP3617444624,NL,Geldmaat ATM,Geldmaat: a3882b50-163c-48db-93b8-de22facb922e,2024-07-01,188833.81,Retired,65
EUR,NL05YEPP3617444624,NL,BASF,Industrial chemicals purchase,2024-07-01,189220.1,Retired,65
EUR,NL05YEPP3617444624,NL,Apple Inc.,Technology services invoice payment,2024-07-01,189222.28,Retired,65
EUR,NL05YEPP3617444624,NL,Merck & Co.,Medication purchase,2024-07-01,189232.27,Retired,65
EUR,NL05YEPP3617444624,NL,Roche,Medication purchase,2024-07-01,189237.18,Retired,65
EUR,NL05YEPP3617444624,NL,Morgan Stanley,Investment fund entry,2024-07-01,189244.01,Retired,65
EUR,NL05YEPP3617444624,NL,Geldmaat ATM,Geldmaat: 086595c1-7309-429e-aa26-6a2dd63e30b6,2024-07-01,192383.01,Retired,65
EUR,NL05YEPP3617444624,Great Britain,Mitsubishi,Diversified company fee,2024-07-01,192406.94,Retired,65
EUR,NL05YEPP3617444624,NL,Lisanne Drysdale-Uittenbosch,Split vacation cost,2024-07-01,192439.27,Retired,65
EUR,NL05YEPP3617444624,NL,Jake van der Pluijm,School fees,2024-07-01,192464.82,Retired,65
EUR,NL05YEPP3617444624,NL,Geldmaat ATM,Geldmaat: 0ab472fb-1bb6-4e13-a5ce-545993ecfdfb,2024-07-01,195603.82,Retired,65
EUR,NL05YEPP3617444624,Italy,AstraZeneca,Pharmacy bill,2024-07-01,195610.57,Retired,65
EUR,NL05YEPP3617444624,United States,Allianz,Insurance premium,2024-07-01,195660.81,Retired,65
EUR,NL05YEPP3617444624,NL,Geldmaat ATM,Geldmaat: 8360c2d5-6976-45e5-bc0a-a3added887ce,2024-07-01,198799.81,Retired,65
EUR,NL05YEPP3617444624,Canada,Alphabet Inc.,Web hosting fee,2024-07-01,198880.57,Retired,65
EUR,NL05YEPP3617444624,NL,Geldmaat ATM,Geldmaat: 3273e147-4a0b-4e08-a0b5-fc2b0ef8afad,2024-07-01,202019.57,Retired,65
EUR,NL05YEPP3617444624,NL,Geldmaat ATM,Geldmaat: 895aeded-a596-4c9b-b03f-a25855054427,2024-08-01,205158.57,Retired,65
EUR,NL05YEPP3617444624,Great Britain,BMW,Vehicle service charge,2024-08-01,205167.02,Retired,65
EUR,NL05YEPP3617444624,NL,Apple Inc.,Technology services invoice payment,2024-08-01,205180.74,Retired,65
EUR,NL05YEPP3617444624,NL,Allianz,Policy renewal fee,2024-08-01,205233.37,Retired,65
EUR,NL05YEPP3617444624,United States,Volkswagen,Auto repair bill,2024-08-01,205237.32,Retired,65
EUR,NL05YEPP3617444624,NL,Volkswagen,Car parts order,2024-08-01,205264.62,Retired,65
EUR,NL05YEPP3617444624,United States,Toyota,Auto repair bill,2024-08-01,205276.61,Retired,65
EUR,NL05YEPP3617444624,NL,Geldmaat ATM,Geldmaat: 61b261ee-92e7-45b4-bfc9-087a0a0a9987,2024-08-01,208415.61,Retired,65
EUR,NL05YEPP3617444624,NL,Geldmaat ATM,Geldmaat: 9f7a03f3-a7e8-4b96-a78b-a51a199ff456,2024-08-01,211554.61,Retired,65
EUR,NL05YEPP3617444624,Italy,Merel Evers,Medical bills,2024-08-01,211558.61,Retired,65
EUR,NL05YEPP3617444624,Japan,Johnson & Johnson,Medication purchase,2024-08-01,211587.65,Retired,65
EUR,NL05YEPP3617444624,Great Britain,Maarten van de Veen,Travel expenses,2024-08-01,211591.68,Retired,65
EUR,NL05YEPP3617444624,Great Britain,Tess Kuipers,Household expenses,2024-08-01,211610.78,Retired,65
EUR,NL05YEPP3617444624,NL,Phillips 66,Energy supply charge,2024-08-01,211702.61,Retired,65
EUR,NL05YEPP3617444624,NL,Geldmaat ATM,Geldmaat: 6a3d15c8-ff26-4115-8ac6-4659c76cab0a,2024-08-01,214841.61,Retired,65
EUR,NL05YEPP3617444624,Denmark,Huawei,Software license fee payment,2024-08-01,214862.69,Retired,65
EUR,NL05YEPP3617444624,NL,Oracle,Software license fee payment,2024-08-01,214880.07,Retired,65
EUR,NL05YEPP3617444624,France,Goldman Sachs,Investment fund entry,2024-08-01,214886.07,Retired,65
EUR,NL05YEPP3617444624,Great Britain,Sanofi,Pharmacy bill,2024-08-01,214891.34,Retired,65
EUR,NL05YEPP3617444624,NL,Geldmaat ATM,Geldmaat: 651170aa-0462-4e86-bbf0-e57037b42ccc,2024-08-01,218030.34,Retired,65
EUR,NL05YEPP3617444624,NL,Huawei,Web hosting fee,2024-08-01,218042.77,Retired,65
EUR,NL05YEPP3617444624,NL,LVMH,Exclusive brand fee,2024-08-01,218081.47,Retired,65
EUR,NL05YEPP3617444624,NL,Geldmaat ATM,Geldmaat: acd48e87-bfaf-4c8b-9bfa-48014fabd8ab,2024-08-01,221220.47,Retired,65
EUR,NL05YEPP3617444624,NL,Allianz,Insurance premium,2024-08-01,221223.65,Retired,65
EUR,NL05YEPP3617444624,NL,PepsiCo,Catering service fee,2024-08-01,221271.02,Retired,65
EUR,NL05YEPP3617444624,NL,Boeing,Aviation technology fee,2024-08-01,221296.5,Retired,65
EUR,NL05YEPP3617444624,NL,Geldmaat ATM,Geldmaat: 3e9cff83-235c-4a5e-a241-7c7288eb6cde,2024-08-01,224435.5,Retired,65
EUR,NL05YEPP3617444624,NL,Toyota,Car purchase,2024-08-01,224436.37,Retired,65
EUR,NL05YEPP3617444624,NL,Geldmaat ATM,Geldmaat: 0951f1a5-f9d4-4ea9-a5fd-6b19084ba68b,2024-08-01,227575.37,Retired,65
EUR,NL05YEPP3617444624,NL,Goldman Sachs,Investment fund entry,2024-08-01,227654.06,Retired,65
EUR,NL05YEPP3617444624,NL,Pfizer,Drug order payment,2024-08-01,227658.87,Retired,65
EUR,NL05YEPP3617444624,NL,AstraZeneca,Medication purchase,2024-08-01,227695.71,Retired,65
EUR,NL05YEPP3617444624,Denmark,Tata Consultancy Services,System upgrade fee,2024-08-01,227704.66,Retired,65
EUR,NL05YEPP3617444624,NL,Geldmaat ATM,Geldmaat: 9abd32dd-a85a-46bb-955f-6d0c79e924ef,2024-08-01,230843.66,Retired,65
EUR,NL05YEPP3617444624,Great Britain,AstraZeneca,Healthcare prescription,2024-08-01,230944.81,Retired,65
EUR,NL05YEPP3617444624,NL,Geldmaat ATM,Geldmaat: 6b8220e8-b37a-463c-9743-84a92d85096d,2024-08-01,234083.81,Retired,65
EUR,NL05YEPP3617444624,NL,Goldman Sachs,Brokerage fee,2024-08-01,234155.14,Retired,65
EUR,NL05YEPP3617444624,Great Britain,Geldmaat ATM,Geldmaat: 8a23904d-bf50-4585-b761-ab75b397161a,2024-08-01,234203.0,Retired,65
EUR,NL05YEPP3617444624,NL,Geldmaat ATM,Geldmaat: b9491616-db3c-411a-a5d1-6e4a14c99eb7,2024-08-01,237342.0,Retired,65
EUR,NL05YEPP3617444624,NL,Indy Bud,Split vacation cost,2024-08-01,237347.45,Retired,65
EUR,NL05YEPP3617444624,NL,Geldmaat ATM,Geldmaat: 3437856f-1ead-4a42-8a34-60f86d23cf76,2024-08-01,240486.45,Retired,65
EUR,NL05YEPP3617444624,NL,GlaxoSmithKline,Pharmacy bill,2024-08-01,240564.69,Retired,65
EUR,NL05YEPP3617444624,NL,Duke Energy,Energy supply charge,2024-08-01,240603.77,Retired,65
EUR,NL05YEPP3617444624,NL,Geldmaat ATM,Geldmaat: 05220d29-5eb8-4c0a-abbf-bfef731ddc33,2024-08-01,243742.77,Retired,65
EUR,NL05YEPP3617444624,Belgium,ByteDance,Technology services invoice payment,2024-08-01,243744.93,Retired,65
EUR,NL05YEPP3617444624,NL,Geldmaat ATM,Geldmaat: e937d8c6-96fc-45d0-b8c8-68acc361f18e,2024-08-01,246883.93,Retired,65
EUR,NL05YEPP3617444624,NL,Bristol-Myers Squibb,Healthcare prescription,2024-08-01,246948.56,Retired,65
EUR,NL05YEPP3617444624,NL,Geldmaat ATM,Geldmaat: 8abbf16d-9362-4a0a-a165-89b434985dda,2024-08-01,250087.56,Retired,65
EUR,NL05YEPP3617444624,NL,Tijn de Hoogh,Debt settlement,2024-08-01,250155.99,Retired,65
EUR,NL05YEPP3617444624,NL,AT&T,Data plan payment,2024-08-01,250198.62,Retired,65
EUR,NL05YEPP3617444624,NL,Gilead Sciences,Biotech research fee,2024-08-01,250241.08,Retired,65
EUR,NL05YEPP3617444624,NL,Geldmaat ATM,Geldmaat: 9e58f1b1-c153-4f40-b9ef-7cb6d6af7e75,2024-08-01,253380.08,Retired,65
EUR,NL05YEPP3617444624,NL,Alibaba,Online shopping,2024-08-01,253392.71,Retired,65
EUR,NL05YEPP3617444624,NL,Johnson & Johnson,Pharmacy bill,2024-08-01,253447.56,Retired,65
EUR,NL05YEPP3617444624,NL,Mads Kremer,Reimbursement for shopping,2024-08-01,253448.11,Retired,65
EUR,NL05YEPP3617444624,NL,Geldmaat ATM,Geldmaat: 8e3c4445-b52f-43c9-bc52-75753dbff16d,2024-08-01,256587.11,Retired,65
EUR,NL05YEPP3617444624,Great Britain,Geldmaat ATM,Geldmaat: 1ccae40e-1229-40bb-859c-6976747a32ad,2024-08-01,256785.0,Retired,65
EUR,NL05YEPP3617444624,NL,Geldmaat ATM,Geldmaat: d61f0f1b-5276-40b1-a395-cd17a9884021,2024-08-01,259924.0,Retired,65
EUR,NL05YEPP3617444624,Great Britain,Meta Platforms,Web hosting fee,2024-08-01,259933.26,Retired,65
EUR,NL05YEPP3617444624,NL,Robin Buijs,Reimbursement for medical expenses,2024-08-01,259937.29,Retired,65
EUR,NL05YEPP3617444624,NL,DuPont,Business unit invoice,2024-08-01,259983.41,Retired,65
EUR,NL05YEPP3617444624,NL,Mike Kirpenstein,Shared meal cost,2024-08-01,259985.25,Retired,65
EUR,NL05YEPP3617444624,NL,Geldmaat ATM,Geldmaat: d6b5d918-3677-43d5-9b6f-c940c5272d81,2024-08-01,263124.25,Retired,65
EUR,NL05YEPP3617444624,Germany,Goldman Sachs,Stock purchase,2024-08-01,263130.38,Retired,65
EUR,NL05YEPP3617444624,United States,Nynke van Noort,Shared meal cost,2024-08-01,263142.27,Retired,65
EUR,NL05YEPP3617444624,NL,Renault,Car purchase,2024-08-01,263189.42,Retired,65
EUR,NL05YEPP3617444624,United States,Huawei,Technology services invoice payment,2024-08-01,263195.42,Retired,65
EUR,NL05YEPP3617444624,Canada,Airbus,Aviation technology fee,2024-08-01,263204.29,Retired,65
EUR,NL05YEPP3617444624,NL,Geldmaat ATM,Geldmaat: 9358c7a2-500d-468c-a38a-31c2b41a790b,2024-08-01,266343.29,Retired,65
EUR,NL05YEPP3617444624,Denmark,Duke Energy,Renewable energy subscription,2024-08-01,266393.64,Retired,65
EUR,NL05YEPP3617444624,NL,Geldmaat ATM,Geldmaat: 06afcd94-0420-4cc9-a7ff-13f3a8778dfc,2024-08-01,269532.64,Retired,65
EUR,NL05YEPP3617444624,NL,Geldmaat ATM,Geldmaat: 4e978729-b6af-4fdb-9c48-f6e73a0f5e43,2024-08-01,272671.64,Retired,65
EUR,NL05YEPP3617444624,France,GlaxoSmithKline,Drug order payment,2024-08-01,272714.59,Retired,65
EUR,NL05YEPP3617444624,NL,Geldmaat ATM,Geldmaat: af1f1520-fc88-4fd0-a76d-4347f31f366d,2024-08-01,275853.59,Retired,65
EUR,NL05YEPP3617444624,Great Britain,Brent Pierson-van Munster,Travel expenses,2024-08-01,275859.83,Retired,65
EUR,NL05YEPP3617444624,NL,BMW,Car purchase,2024-08-01,275873.18,Retired,65
EUR,NL05YEPP3617444624,NL,Volkswagen,Auto repair bill,2024-08-01,275911.21,Retired,65
EUR,NL05YEPP3617444624,NL,Dell Technologies,Technology services invoice payment,2024-08-01,275971.34,Retired,65
EUR,NL05YEPP3617444624,NL,Geldmaat ATM,Geldmaat: e36697b5-4501-463a-a520-150fe30c54d4,2024-08-01,279110.34,Retired,65
EUR,NL05YEPP3617444624,Italy,Microsoft,Web hosting fee,2024-08-01,279143.59,Retired,65
EUR,NL05YEPP3617444624,NL,Geldmaat ATM,Geldmaat: 6c258bf6-de5d-45d9-8f36-7ed54d9887c1,2024-08-01,282282.59,Retired,65
EUR,NL05YEPP3617444624,NL,Mustafa Gellemeyer,Shared subscription,2024-08-01,282296.0,Retired,65
EUR,NL05YEPP3617444624,NL,Ayoub Kronenberg,Split vacation cost,2024-08-01,282300.57,Retired,65
EUR,NL05YEPP3617444624,NL,Facebook,Influencer collaboration fee,2024-08-01,282321.45,Retired,65
EUR,NL05YEPP3617444624,NL,General Electric,Diversified company fee,2024-08-01,282356.45,Retired,65
EUR,NL05YEPP3617444624,NL,Geldmaat ATM,Geldmaat: e734e3bf-7cfd-4c1b-bb0b-69a86a172c90,2024-08-01,285495.45,Retired,65
EUR,NL05YEPP3617444624,NL,Geldmaat ATM,Geldmaat: c8c941bf-52b9-4c76-af29-bddbdb228d99,2024-08-01,288634.45,Retired,65
EUR,NL05YEPP3617444624,NL,Chloé Cornelisse,Reimbursement for bills,2024-08-01,288690.51,Retired,65
EUR,NL05YEPP3617444624,Canada,Amy Hulst,Grocery money,2024-08-01,288751.09,Retired,65
EUR,NL05YEPP3617444624,NL,Mitsubishi,Conglomerate product order,2024-08-01,288756.75,Retired,65
EUR,NL05YEPP3617444624,NL,Geldmaat ATM,Geldmaat: 4e52a99f-26e3-4fce-8598-2beafee98317,2024-08-01,291895.75,Retired,65
EUR,NL05YEPP3617444624,Great Britain,Danique van Holland,Birthday gift,2024-08-01,291900.11,Retired,65
EUR,NL05YEPP3617444624,Canada,Amazon,Online shopping,2024-08-01,291932.23,Retired,65
EUR,NL05YEPP3617444624,NL,Geldmaat ATM,Geldmaat: b437faf9-ffa4-49ad-a13b-8f8f04bffbfb,2024-08-01,295071.23,Retired,65
EUR,NL05YEPP3617444624,NL,Oracle,Web hosting fee,2024-08-01,295075.1,Retired,65
EUR,NL05YEPP3617444624,France,Aya van der Velde,Personal loan,2024-08-01,295088.65,Retired,65
EUR,NL05YEPP3617444624,NL,Gilead Sciences,Clinical trial payment,2024-08-01,295129.37,Retired,65
EUR,NL05YEPP3617444624,Great Britain,Daimler,Car purchase,2024-08-01,295144.93,Retired,65
EUR,NL05YEPP3617444624,NL,Geldmaat ATM,Geldmaat: 51b498f2-acf5-455a-b835-546cb149cd88,2024-08-01,298283.93,Retired,65
EUR,NL05YEPP3617444624,Great Britain,Yasmine Ariens,Anniversary gift,2024-08-01,298367.85,Retired,65
EUR,NL05YEPP3617444624,NL,Geldmaat ATM,Geldmaat: 42bfc635-41df-4365-a10a-32e1ef89fdd2,2024-08-01,301506.85,Retired,65
EUR,NL05YEPP3617444624,NL,Dell Technologies,Web hosting fee,2024-08-01,301510.23,Retired,65
EUR,NL05YEPP3617444624,NL,Amazon,Online shopping,2024-09-01,301526.32,Retired,65
EUR,NL05YEPP3617444624,Japan,Apple Inc.,Software license fee payment,2024-09-01,301547.67,Retired,65
EUR,NL05YEPP3617444624,NL,Tata Consultancy Services,Technical service charge,2024-09-01,301566.36,Retired,65
EUR,NL05YEPP3617444624,NL,Geldmaat ATM,Geldmaat: 20a12846-6697-4396-9dee-81d392c47bbf,2024-09-01,304705.36,Retired,65
EUR,NL05YEPP3617444624,Canada,Morgan Stanley,Stock purchase,2024-09-01,304709.75,Retired,65
EUR,NL05YEPP3617444624,NL,Geldmaat ATM,Geldmaat: cbef866f-7e48-422e-bb0a-7d2fb4ecabd4,2024-09-01,307848.75,Retired,65
EUR,NL05YEPP3617444624,Great Britain,Phillips 66,Utility bill,2024-09-01,307901.74,Retired,65
EUR,NL05YEPP3617444624,United States,Toyota,Auto repair bill,2024-09-01,307914.38,Retired,65
EUR,NL05YEPP3617444624,Canada,Stef Overdijk,Birthday gift,2024-09-01,307919.09,Retired,65
EUR,NL05YEPP3617444624,NL,Unilever,Order payment,2024-09-01,307993.39,Retired,65
EUR,NL05YEPP3617444624,NL,Geldmaat ATM,Geldmaat: 30cfdfc8-a68c-41b5-876a-5980c8dae388,2024-09-01,311132.39,Retired,65
EUR,NL05YEPP3617444624,NL,Volkswagen,Car purchase,2024-09-01,311146.71,Retired,65
EUR,NL05YEPP3617444624,NL,Geldmaat ATM,Geldmaat: 3088853b-2bab-4f54-b2f6-72e43a639fb4,2024-09-01,314285.71,Retired,65
EUR,NL05YEPP3617444624,Italy,Gilead Sciences,Laboratory service charge,2024-09-01,314291.18,Retired,65
EUR,NL05YEPP3617444624,NL,Allianz,Insurance premium,2024-09-01,314298.7,Retired,65
EUR,NL05YEPP3617444624,United States,Unilever,Subscription box service,2024-09-01,314355.66,Retired,65
EUR,NL05YEPP3617444624,NL,Geldmaat ATM,Geldmaat: ee9c39fe-e3a2-46bc-b338-1282f404d088,2024-09-01,317494.66,Retired,65
EUR,NL05YEPP3617444624,NL,Tata Consultancy Services,IT support fee,2024-09-01,317550.02,Retired,65
EUR,NL05YEPP3617444624,Great Britain,Accenture,Advisory session charge,2024-09-01,317657.65,Retired,65
EUR,NL05YEPP3617444624,NL,Geldmaat ATM,Geldmaat: 19efb041-bc47-4ed8-ae9c-c282b042a051,2024-09-01,320796.65,Retired,65
EUR,NL05YEPP3617444624,Great Britain,IBM,Web hosting fee,2024-09-01,320856.52,Retired,65
EUR,NL05YEPP3617444624,NL,Geldmaat ATM,Geldmaat: da28e736-1652-4222-a31f-30058c11a949,2024-09-01,323995.52,Retired,65
EUR,NL05YEPP3617444624,NL,Sanofi,Medication purchase,2024-09-01,324109.49,Retired,65
EUR,NL05YEPP3617444624,NL,Geldmaat ATM,Geldmaat: 18a04ee6-b11a-48ea-a6e0-a3655bf3f578,2024-09-01,327248.49,Retired,65
EUR,NL05YEPP3617444624,NL,Goldman Sachs,Capital markets service,2024-09-01,327262.99,Retired,65
EUR,NL05YEPP3617444624,NL,Geldmaat ATM,Geldmaat: 84682a76-f1ac-4dbd-929e-9b49608517b3,2024-09-01,330401.99,Retired,65
EUR,NL05YEPP3617444624,NL,Mitsubishi,Conglomerate product order,2024-09-01,330439.83,Retired,65
EUR,NL05YEPP3617444624,NL,Geldmaat ATM,Geldmaat: 7dd45eac-be5f-4a17-aa2c-6e1bbb12cf6f,2024-09-01,333578.83,Retired,65
EUR,NL05YEPP3617444624,NL,Allianz,Coverage update charge,2024-09-01,333636.54,Retired,65
EUR,NL05YEPP3617444624,Great Britain,Johnson & Johnson,Medication purchase,2024-09-01,333705.0,Retired,65
EUR,NL05YEPP3617444624,NL,Geldmaat ATM,Geldmaat: aa81a359-a372-4ee2-a70e-962b9a8def20,2024-09-01,336844.0,Retired,65
EUR,NL05YEPP3617444624,NL,Dell Technologies,Cloud storage subscription,2024-09-01,336885.29,Retired,65
EUR,NL05YEPP3617444624,Spain,Unilever,Product purchase,2024-09-01,336891.03,Retired,65
EUR,NL05YEPP3617444624,NL,Geldmaat ATM,Geldmaat: 0563fd3e-7ba8-430c-88a8-75271ea5d5f8,2024-09-01,340030.03,Retired,65
EUR,NL05YEPP3617444624,Germany,Huawei,Cloud storage subscription,2024-09-01,340034.44,Retired,65
EUR,NL05YEPP3617444624,Germany,PepsiCo,Food delivery,2024-09-01,340108.92,Retired,65
EUR,NL05YEPP3617444624,NL,Geldmaat ATM,Geldmaat: 7508e748-f705-4609-982f-208970ce0a92,2024-09-01,343247.92,Retired,65
EUR,NL05YEPP3617444624,NL,Geldmaat ATM,Geldmaat: c090cdb2-65c5-4e0c-9f33-69ebd360ecc5,2024-09-01,346386.92,Retired,65
EUR,NL05YEPP3617444624,NL,DuPont,Corporate services payment,2024-09-01,346392.67,Retired,65
EUR,NL05YEPP3617444624,Canada,Ford Motor,Vehicle service charge,2024-09-01,346442.3,Retired,65
EUR,NL05YEPP3617444624,NL,DuPont,Diversified company fee,2024-09-01,346452.13,Retired,65
EUR,NL05YEPP3617444624,NL,Geldmaat ATM,Geldmaat: df3b82d0-580b-4736-b942-8ab67c52eb89,2024-09-01,349591.13,Retired,65
EUR,NL05YEPP3617444624,NL,Procter & Gamble,Subscription box service,2024-09-01,349705.87,Retired,65
EUR,NL05YEPP3617444624,Spain,Robin Weerdenburg,New baby gift,2024-09-01,349711.12,Retired,65
EUR,NL05YEPP3617444624,NL,Geldmaat ATM,Geldmaat: 0b7f76b7-eec8-47fe-b818-2ca5f7cd2fda,2024-09-01,352850.12,Retired,65
EUR,NL05YEPP3617444624,Belgium,Demi Ponci,Grocery money,2024-09-01,352916.94,Retired,65
EUR,NL05YEPP3617444624,NL,Tessa Wouters,Reimbursement for shopping,2024-09-01,352923.93,Retired,65
EUR,NL05YEPP3617444624,Germany,ByteDance,Cloud storage subscription,2024-09-01,352930.92,Retired,65
EUR,NL05YEPP3617444624,Japan,Huawei,Cloud storage subscription,2024-09-01,352968.12,Retired,65
EUR,NL05YEPP3617444624,NL,Nike,Sportswear buy,2024-09-01,352980.6,Retired,65
EUR,NL05YEPP3617444624,NL,Geldmaat ATM,Geldmaat: a046cd34-3ed4-4999-ba7e-e1f9d25a7baa,2024-09-01,356119.6,Retired,65
EUR,NL05YEPP3617444624,Spain,Sanofi,Drug order payment,2024-09-01,356126.16,Retired,65
EUR,NL05YEPP3617444624,Italy,Britt Hendriks,Housewarming gift,2024-09-01,356129.36,Retired,65
EUR,NL05YEPP3617444624,NL,Geldmaat ATM,Geldmaat: d46c91ca-3a15-40a1-ae9c-33f0f1f99aca,2024-09-01,359268.36,Retired,65
EUR,NL05YEPP3617444624,Austria,Johnson & Johnson,Pharmacy bill,2024-09-01,359320.06,Retired,65
EUR,NL05YEPP3617444624,NL,Stella van Asten,Birthday gift,2024-09-01,359365.46,Retired,65
EUR,NL05YEPP3617444624,NL,Geldmaat ATM,Geldmaat: f6e6ceac-8fd1-45e8-a786-0e1c134c9464,2024-09-01,362504.46,Retired,65
EUR,NL05YEPP3617444624,NL,Morgan Stanley,Capital markets service,2024-09-01,362541.93,Retired,65
EUR,NL05YEPP3617444624,NL,Geldmaat ATM,Geldmaat: 4a648989-3f85-4b09-911b-02489e6cd20a,2024-09-01,365680.93,Retired,65
EUR,NL05YEPP3617444624,NL,Mia Smeets,Baby shower gift,2024-09-01,365764.05,Retired,65
EUR,NL05YEPP3617444624,Belgium,Huawei,Web hosting fee,2024-09-01,365777.35,Retired,65
EUR,NL05YEPP3617444624,NL,Dell Technologies,Technology services invoice payment,2024-09-01,365835.04,Retired,65
EUR,NL05YEPP3617444624,NL,Geldmaat ATM,Geldmaat: 5ea01bb4-da13-4137-8298-b4d42e7ab440,2024-09-01,368974.04,Retired,65
EUR,NL05YEPP3617444624,NL,Dell Technologies,Web hosting fee,2024-09-01,368993.3,Retired,65
EUR,NL05YEPP3617444624,NL,3M,Diversified company fee,2024-09-01,369044.79,Retired,65
EUR,NL05YEPP3617444624,Great Britain,Lex Fechant-van Vermandois,Anniversary gift,2024-09-01,369046.68,Retired,65
EUR,NL05YEPP3617444624,NL,Geldmaat ATM,Geldmaat: 7c01236c-452c-45d7-8671-4735018d87dc,2024-09-01,372185.68,Retired,65
EUR,NL05YEPP3617444624,NL,Alphabet Inc.,Software license fee payment,2024-09-01,372211.39,Retired,65
EUR,NL05YEPP3617444624,NL,BMW,Auto repair bill,2024-09-01,372226.85,Retired,65
EUR,NL05YEPP3617444624,NL,Geldmaat ATM,Geldmaat: e5b2373a-82aa-43df-b0aa-beb2395a2811,2024-09-01,375365.85,Retired,65
EUR,NL05YEPP3617444624,NL,Airbus,Aviation technology fee,2024-09-01,375370.53,Retired,65
EUR,NL05YEPP3617444624,NL,Geldmaat ATM,Geldmaat: 88846254-db91-424d-b0e3-22411544e112,2024-09-01,378509.53,Retired,65
EUR,NL05YEPP3617444624,NL,Verizon,Cable service subscription,2024-09-01,378611.33,Retired,65
EUR,NL05YEPP3617444624,Germany,Mike Scholten,Christmas gift,2024-09-01,378615.36,Retired,65
EUR,NL05YEPP3617444624,Austria,Unilever,Order payment,2024-09-01,378623.62,Retired,65
EUR,NL05YEPP3617444624,NL,Geldmaat ATM,Geldmaat: ccaecafe-0cec-4701-963b-0eb3f57f6bab,2024-09-01,381762.62,Retired,65
EUR,NL05YEPP3617444624,NL,IBM,Cloud storage subscription,2024-09-01,381784.52,Retired,65
EUR,NL05YEPP3617444624,NL,Phillips 66,Renewable energy subscription,2024-09-01,381847.16,Retired,65
EUR,NL05YEPP3617444624,NL,Apple Inc.,Technology services invoice payment,2024-09-01,381918.58,Retired,65
EUR,NL05YEPP3617444624,NL,Geldmaat ATM,Geldmaat: 5d41e165-2145-422f-b519-509487cf1a27,2024-09-01,385057.58,Retired,65
EUR,NL05YEPP3617444624,NL,Amazon,Online shopping,2024-09-01,385109.21,Retired,65
EUR,NL05YEPP3617444624,NL,Geldmaat ATM,Geldmaat: c12a63de-eb29-42ba-b83e-53f4007ae632,2024-09-01,388248.21,Retired,65
EUR,NL05YEPP3617444624,France,Merck & Co.,Healthcare prescription,2024-09-01,388319.37,Retired,65
EUR,NL05YEPP3617444624,NL,Geldmaat ATM,Geldmaat: f8ce831b-6acd-4856-b9e4-24e94e4ac4ea,2024-09-01,391458.37,Retired,65
EUR,NL05YEPP3617444624,United States,Accenture,Consulting fee,2024-09-01,391465.55,Retired,65
EUR,NL05YEPP3617444624,NL,Geldmaat ATM,Geldmaat: 65ad81fc-fc88-430a-893d-6b1e07a19d18,2024-09-01,394604.55,Retired,65
EUR,NL05YEPP3617444624,Great Britain,PepsiCo,Food delivery,2024-09-01,394668.05,Retired,65
EUR,NL05YEPP3617444624,France,Amelia Post,Debt settlement,2024-09-01,394676.7,Retired,65
EUR,NL05YEPP3617444624,Austria,Phillips 66,Energy supply charge,2024-09-01,394717.69,Retired,65
EUR,NL05YEPP3617444624,NL,Geldmaat ATM,Geldmaat: f959ea3c-7fa1-41f5-bd45-8277b1bba0dd,2024-09-01,397856.69,Retired,65
EUR,NL05YEPP3617444624,NL,Ford Motor,Car purchase,2024-09-01,397883.47,Retired,65
EUR,NL05YEPP3617444624,Great Britain,Amin Drysdale,Shared meal cost,2024-09-01,397897.05,Retired,65
EUR,NL05YEPP3617444624,Japan,Roche,Pharmacy bill,2024-10-01,397906.97,Retired,65
EUR,NL05YEPP3617444624,NL,Geldmaat ATM,Geldmaat: 452ab4b3-f8be-436e-a41a-12d9cb21e903,2024-10-01,401045.97,Retired,65
EUR,NL05YEPP3617444624,NL,Geldmaat ATM,Geldmaat: b0d248a1-28fb-4d00-8009-0a8918b32f6a,2024-10-01,401168.72,Retired,65
EUR,NL05YEPP3617444624,NL,Geldmaat ATM,Geldmaat: 39ef6ca3-5007-47af-b843-bda611b9fb63,2024-10-01,404307.72,Retired,65
EUR,NL05YEPP3617444624,Italy,Mirte van Geffen-Huijbrechts,Birthday gift,2024-10-01,404358.97,Retired,65
EUR,NL05YEPP3617444624,NL,Geldmaat ATM,Geldmaat: 2987174c-bf0b-47cf-96bf-34aca2e5269b,2024-10-01,407497.97,Retired,65
EUR,NL05YEPP3617444624,Canada,Johnson & Johnson,Healthcare prescription,2024-10-01,407503.79,Retired,65
EUR,NL05YEPP3617444624,NL,Novartis,Healthcare prescription,2024-10-01,407530.1,Retired,65
EUR,NL05YEPP3617444624,Japan,Veerle Ernst,Debt settlement,2024-10-01,407553.91,Retired,65
EUR,NL05YEPP3617444624,Canada,Microsoft,Cloud storage subscription,2024-10-01,407577.96,Retired,65
EUR,NL05YEPP3617444624,NL,Geldmaat ATM,Geldmaat: 6ff58365-006f-4c4c-878d-ec3141a9a459,2024-10-01,410716.96,Retired,65
EUR,NL05YEPP3617444624,NL,Duke Energy,Energy supply charge,2024-10-01,410751.61,Retired,65
EUR,NL05YEPP3617444624,NL,Geldmaat ATM,Geldmaat: 7ac897f2-7c59-4dfb-9fa7-a3256fd8477a,2024-10-01,413890.61,Retired,65
EUR,NL05YEPP3617444624,United States,Jaylinn van Enschot-Smits,Support for a friend,2024-10-01,413943.79,Retired,65
EUR,NL05YEPP3617444624,NL,Geldmaat ATM,Geldmaat: 512f91c6-4ae3-4bc8-9e9a-00579a33c5f6,2024-10-01,417082.79,Retired,65
EUR,NL05YEPP3617444624,Germany,Honeywell,Conglomerate product order,2024-10-01,417141.8,Retired,65
EUR,NL05YEPP3617444624,Great Britain,Isabel Verheij,Birthday party expenses,2024-10-01,417554.3,Retired,65
EUR,NL05YEPP3617444624,NL,Geldmaat ATM,Geldmaat: 8c413903-70a6-415d-9cf5-1037fc860da7,2024-10-01,420693.3,Retired,65
EUR,NL05YEPP3617444624,United States,Ford Motor,Vehicle service charge,2024-10-01,420736.7,Retired,65
EUR,NL05YEPP3617444624,NL,Geldmaat ATM,Geldmaat: adc55f1a-0041-4a23-800a-a7c994b84699,2024-10-01,423875.7,Retired,65
EUR,NL05YEPP3617444624,NL,LVMH,High-end product buy,2024-10-01,423937.32,Retired,65
EUR,NL05YEPP3617444624,France,Merle Hellevoort,Graduation gift,2024-10-01,423945.42,Retired,65
EUR,NL05YEPP3617444624,NL,Geldmaat ATM,Geldmaat: f315671f-8251-46d2-a9e0-05d79a9b357b,2024-10-01,427084.42,Retired,65
EUR,NL05YEPP3617444624,United States,Wesley van Este,School fees,2024-10-01,427115.09,Retired,65
EUR,NL05YEPP3617444624,Great Britain,Gerrit Osterhoudt,Rent payment,2024-10-01,427136.51,Retired,65
EUR,NL05YEPP3617444624,NL,AT&T,Cable service subscription,2024-10-01,427148.75,Retired,65
EUR,NL05YEPP3617444624,Italy,SoftBank,Business unit invoice,2024-10-01,427228.83,Retired,65
EUR,NL05YEPP3617444624,NL,Geldmaat ATM,Geldmaat: c409ce14-71dc-4d21-9ea0-8de5df02af55,2024-10-01,430367.83,Retired,65
EUR,NL05YEPP3617444624,NL,Cisco Systems,Cloud storage subscription,2024-10-01,430372.04,Retired,65
EUR,NL05YEPP3617444624,NL,Geldmaat ATM,Geldmaat: 7db6a341-df28-4634-9daa-123bf338987a,2024-10-01,433511.04,Retired,65
EUR,NL05YEPP3617444624,NL,BASF,Chemical supply order,2024-10-01,433562.02,Retired,65
EUR,NL05YEPP3617444624,NL,Duke Energy,Utility bill,2024-10-01,433578.7,Retired,65
EUR,NL05YEPP3617444624,NL,Geldmaat ATM,Geldmaat: b5fd2964-c6d7-4bd4-9b5d-822983f68ee0,2024-10-01,436717.7,Retired,65
EUR,NL05YEPP3617444624,NL,ByteDance,Web hosting fee,2024-10-01,436763.78,Retired,65
EUR,NL05YEPP3617444624,NL,BASF,Industrial chemicals purchase,2024-10-01,436824.62,Retired,65
EUR,NL05YEPP3617444624,NL,Geldmaat ATM,Geldmaat: e61d9ca2-8aa2-45dd-9f06-25fb9f236fe4,2024-10-01,439963.62,Retired,65
